编号,题目类型,题目,题目选项,题目答案,答案说明
1,单选题,以下哪个不是生成式AI在医疗行业的应用?,A. 病历自动生成; B. 疾病诊断辅助; C. 手术计划制定; D. 药物生产与分发,D,"生产与分发通常涉及更多工艺和物流流程,非生成式AI直接应用"
2,单选题,生成式AI产业链下游主要包括哪些环节?,A. 算法模型研发; B. 数据采集与预处理; C. 产品应用与服务; D. 基础设施建设,C,产业链下游指面向终端用户的应用服务环节
3,单选题,以下哪个岗位最可能利用生成式AI进行产品设计?,A. 人力资源经理; B. 建筑设计师; C. 市场营销专员; D. 软件开发工程师,B,建筑设计师直接使用AI进行产品原型设计(虽然软件工程师也可能使用，但B更直接关联产品设计)
4,单选题,生成式AI在农业领域的主要应用不包括?,A. 智能作物育种; B. 病虫害预测; C. 农产品销售策略制定; D. 农业资源优化配置,C,"销售策略制定通常涉及市场营销策略,非生成式AI直接应用"
5,单选题,以下哪个岗位最适合利用AI进行图像生成与修图?,A. 数据分析师; B. 平面设计师; C. 市场营销专员; D. 软件开发工程师,B,平面设计师的专业工作包含图像生成与优化
6,单选题,在借助AI生成与优化PPT时，哪个步骤是AI可以辅助的?,A. 确定PPT的主题和结构; B. 手动设计每一页幻灯片; C. 演讲内容的准备; D. 演讲技巧的训练,B,"本题考查在借助AI生成与优化PPT时，AI可以辅助的步骤。

### 选项A分析
确定PPT的主题和结构通常需要人类的创意、专业知识、对相关领域的理解以及对受众需求的把握。AI虽然可以提供一些建议，但它无法真正理解主题背后的深层含义和目的，也难以根据具体的业务场景和受众特点来精准确定PPT的主题和结构，所以该步骤主要依赖人类完成，AI难以有效辅助，A选项错误。

### 选项B分析
AI具有强大的设计能力，能够根据用户输入的内容、风格要求等，自动生成幻灯片的布局、色彩搭配、图形元素等，从而辅助手动设计每一页幻灯片。例如，一些PPT生成AI工具可以快速生成多种风格的幻灯片模板供用户选择和修改，所以B选项正确。
 
### 选项C分析
演讲内容的准备需要演讲者对主题有深入的理解、丰富的知识储备和独特的观点，还需要考虑演讲的受众、场合等因素，根据这些来组织语言和内容。AI虽然可以提供一些素材和建议，但演讲者自身的经验、情感和思考是无法被AI替代的，所以该步骤主要依靠演讲者自己完成，AI辅助作用有限，C选项错误。

### 选项D分析
演讲技巧的训练包括肢体语言、语音语调、与观众的互动等方面，这些都需要演讲者通过实际的练习、反馈和自我调整来不断提高。AI可以提供一些理论指导，但无法像真人教练一样给予现场的、实时的反馈和指导，不能真正辅助演讲者进行有效的演讲技巧训练，D选项错误。

综上，答案选B。 "
7,单选题,以下哪个不是提示词书写时需要避免的常见问题?,A. 使用模糊、抽象的词汇; B. 随意组合不相关的词汇; C. 提供具体、明确的描述; D. 忽略目标受众的喜好,C,具体描述是提示词书写的正确做法（非需避免的问题）
8,单选题,"在优化提示词以生成特定主题的文章时,以下哪个做法最有效?",A. 使用通用的词汇; B. 提供具体、明确的主题描述; C. 随意选择词汇; D. 不考虑文章的目标受众,B,具体描述能明确约束生成方向
9,单选题,以下哪个场景最适合应用AI技术进行PPT生成与优化?,A. 个人日常生活的照片整理; B. 学术会议上的演讲; C. 实时翻译外语对话; D. 企业内部培训材料的制作,B,学术演讲PPT对专业性和时效性要求高(D也适合，但B项更典型)
10,单选题,在借助AI生成PPT时，以下哪个因素最影响生成PPT的质量?,A. 使用的AI模型; B. 用户的计算机配置; C. 用户的网络连接速度; D. PPT的主题选择,A,模型性能直接影响内容生成质量
11,单选题,以下哪个不是AI在不同场景/岗位中的应用技巧?,A. 根据具体需求选择合适的AI模型; B. 盲目跟风选择最流行的AI应用; C. 结合人类智慧和AI技术的优势; D. 持续优化AI应用的效果,B,盲目跟风忽略具体需求会导致应用失效
12,单选题,在利用AI进行文章生成时，以下哪个做法最有助于提升文章的质量?,A. 依赖AI完全生成文章; B. 结合人类编辑的润色和校对; C. 使用大量专业术语和复杂句式; D. 忽略文章的逻辑性和连贯性,B,人工校对可修正AI生成内容的逻辑和语言问题(A可能导致质量不稳定)
13,单选题,"提示词在人工智能时代的重要性源于其对于提高人工智能系统的理解和生成能力,以及提升用户体验等方面的关键作用。在人工智能中，""提示词""的主要作用是什么?",A. 增加模型的训练时间; B. 提高模型的准确性; C. 引导模型的生成内容或行为; D. 减少模型所需的数据量,C,提示词的核心作用是引导AI行为
14,单选题,以下哪种行为可能违反版权或道德规范,A. 生成一张不包含任何具体标志或艺术作品的自然风景图; B. 生成一张包含受版权保护的品牌标志的图像并用于商业广告; C. 生成一张你自己创作的卡通角色图像; D. 生成一张抽象艺术图像,B,使用受版权内容商用违反知识产权法
15,单选题,生成式AI在大型商业项目中，如何评估其经济效益?,A. 仅通过模型的性能指标。; B. 结合项目的实际需求、市场反馈和成本投入进行综合评估。; C. 忽视项目的长期效益。; D. 仅通过用户的主观感受进行评估。,B,需结合商业实际效果进行综合评估
16,单选题,提示词的质量对生成式AI的输出有何影响?,A. 无关紧要; B. 轻微影响; C. 显著影响; D. 完全决定,C,提示词质量直接影响输出相关性(虽重要，但不足以完全决定输出)
17,单选题,生成式AI大模型的发展历程中，哪个阶段标志着技术的重大突破?,"A. 初步研究阶段，提出基本概念; B. 实验验证阶段，取得初步成果; C. 规模化应用阶段，实现商业落地; D. 技术优化阶段,提升模型性能",C,商业落地标志着技术实用化突破
18,单选题,生成式AI在实际应用中，以下哪个环节是确保其商业价值实现的关键?,A. 模型训练; B. 模型评估; C. 与业务场景的结合; D. 技术更新,C,业务结合是实现价值的核心环节
19,单选题,生成式AI在应用中如何避免侵犯版权等问题?,A. 无需采取措施; B. 依赖用户自行处理; C. 对生成的文本或图像进行审查和过滤; D. 仅需确保数据来自合法来源,C,内容审查是避免侵权的直接手段
20,单选题,以下哪个模型是生成式AI的重要算法之一?,A. CNN(卷积神经网络); B. RNN(循环神经网络); C. GANs(生成对抗网络); D. SVM(支持向量机),C,GANs是生成领域的代表性算法
21,单选题,通过撰写提示词实现复杂需求目标时，以下哪个不是关键要素?,A. 明确需求; B. 精确描述; C. 随意编写; D. 考虑上下文,C,随意编写无法实现复杂需求
22,单选题,制定生成式AI模型落地应用方案时，首要考虑的是?,A. 技术可行性; B. 个人兴趣; C. 业务需求; D. 最新技术趋势,C,业务需求是方案设计的首要依据
23,单选题,以下哪个不是提示词书写的优化技巧?,A. 使用具体、明确的词汇; B. 避免使用模糊或抽象的词汇; C. 尽可能使用长句子详细描述; D. 根据AI工具的特点调整词汇和风格,C,长句子可能增加AI理解难度
24,单选题,生成式AI在以下哪个行业中，可能会面临较大的版权和伦理问题?,A. 新闻媒体; B. 电子商务; C. 文化艺术; D. 制造业,C,文化艺术领域涉及大量版权作品
25,单选题,人工智能(AI)领域中的主流框架主要为开发者提供了哪些功能?,A. 用于网络安全防御的加密工具; B. 设计、训练和部署AI模型的编程接口和工具; C. 增强计算机硬件性能的物理设备; D. 改善用户界面设计的图形工具,B,主流框架提供模型开发部署工具
26,单选题,生成式AI的基础模型结构不包括以下哪种?,A. 卷积神经网络(CNN); B. 决策树; C. 循环神经网络(RNN)及其变体; D. 变换器(Transformer),B,决策树是判别式模型非生成式基础结构
27,单选题,生成式AI为教育行业带来的主要挑战是?,A. 教学内容标准化; B. 教师失业风险增加; C. 学生自主学习能力提升; D. 教育资源分配不均,B,AI可能替代部分教学工作
28,单选题,随着人工智能技术的不断发展，AI在写报告领域也有了越来越多的应用。AI技术不仅提高了报告的撰写效率，还为写作者提供了更多的创作灵感。在AI辅助写报告的场景中，AI最擅长的是?,A. 收集相关数据; B. 逻辑结构的优化; C. 个性化写作风格; D. 情感表达,B,AI擅长结构化组织内容
29,单选题,下面哪个文本描述更有可能生成你期望的图像,"A. 一个房子; B. 一座红色屋顶、白色墙壁的乡村小房子,周围有绿树和花园; C. 一栋建筑; D. 一个景观",B,细节描述提供更精确的生成依据
30,单选题,人工智能(AI)是一门涉及计算机科学的学科，关于人工智能的基本概念，下列哪项描述是正确的?,A. 人工智能是一种仅限于计算机硬件发展的技术，主要用于提高处理速度。; B. 人工智能是通过编程和算法的应用，使计算机和机器模拟人类的思维过程和智能行为的技术领域。; C. 人工智能是一种新兴的互联网应用程序，专门用于在线购物和社交网络。; D. 人工智能是一种新型电子设备，用于替代人类执行高危工作。,B,AI本质是模拟人类智能的技术领域
31,单选题,AI生成短视频可以高效地完成创作过程，无需手动编辑和后期制作，节省了人力和时间成本。以下哪个不是AI在短视频制作中的常见应用场景?,A. 自动剪辑视频片段; B. 生成字幕与配音; C. 实时拍摄视频画面; D. 根据文本生成视频内容,C,实时拍摄属于硬件采集非AI生成场景
32,单选题,Token在生成式AI大模型中主要起什么作用?,A. 数据存储; B. 传输介质; C. 信息分割与标识; D. 加密保护,C,Token是生成式AI大模型中文本处理基本单元，起信息分割与标识作用，将输入文本分割成Token便于模型处理分析
33,单选题,借助AI生成与优化短视频的关键步骤不包括?,A. 选定主题; B. 拍摄视频; C. 自动化剪辑; D. 无需后期优化,D,后期优化是必要步骤
34,单选题,以下哪个不是借助AI进行学术研究与论文写作的好处?,A. 提高写作效率; B. 自动引用文献; C. 替代人工思考; D. 辅助数据分析,C,AI无法替代人类思考过程
35,单选题,在借助AI生成短视频时，以下哪种技术主要用于视频的风格转换?,A. 图像生成对抗网络(GAN); B. 神经风格迁移; C. 变分自编码器(VAE); D. 深度卷积生成对抗网络(DCGAN),B,神经风格迁移专攻视觉风格转换
36,单选题,"提示词在人工智能时代的重要性源于其对于提高人工智能系统的理解和生成能力，以及提升用户体验等方面的关键作用。在人工智能中，""提示词""的主要作用是什么?",A. 增加模型的训练时间; B. 提高模型的准确性; C. 引导模型的生成内容或行为; D. 减少模型所需的数据量,C,提示词引导模型行为方向
37,单选题,以下哪个不是生成式AI在学术研究与论文写作中的常见应用场景?,A. 论文引用格式检查; B. 数据分析可视化; C. 论文摘要生成; D. 论文内容创新,A,引用格式检查依赖规则库非生成能力
38,单选题,生成式AI作品应满足哪个主要标准?,A. 创新性; B. 娱乐性; C. 商业价值; D. 技术难度,C,商业价值是作品落地的核心标准
39,单选题,以下哪项不是生成式AI工具使用的高级特性?,A. 自定义模型训练; B. 实时数据输入; C. 简单的文本生成; D. 高级提示词撰写,C,简单文本生成是基础功能
40,单选题,复杂需求目标通常通过什么方式实现?,A. 简单的文本输入; B. 撰写提示词; C. 预设模板; D. 无需输入,B,复杂需求需精确的提示词表达
41,单选题,生成式AI模型的训练数据通常需要满足什么条件?,"A. 大量且高质量的数据; B. 数据量适中,但质量要高; C. 仅需大量数据,无需质量; D. 仅需少量高质量数据",A,大数据量和高质数据是模型训练基础
42,单选题,AI在学术论文写作中，以下哪个方面的帮助最大?,A. 直接生成完整的论文; B. 提供论文的框架和思路; C. 检查语法和拼写错误; D. 替代作者进行深入的研究和分析,B,AI主要辅助框架搭建而非深度研究
43,单选题,生成式AI未来可能的发展趋势不包括:,A. 更高的生成质量; B. 更快的生成速度; C. 更低的成本; D. 完全替代人类,D,完全替代人类不现实
44,单选题,Token在生成式AI大模型中是如何划分文本的?,A. 按照固定的字数划分; B. 按照语义单元划分; C. 按照标点符号划分; D. 不同模型有不同的划分方式,D,分词方式因模型设计而异
45,单选题,生成式AI在医疗领域的主要应用不包括:,A. 疾病诊断; B. 药物研发; C. 手术操作; D. 病历分析,C,手术操作需物理执行
46,单选题,生成式AI在教育领域的主要应用是:,A. 自动化教学; B. 个性化学习; C. 考试评分; D. 课程开发,B,个性化学习是教育领域核心应用
47,单选题,在使用AI辅助写文献综述时，以下哪一项是最重要的原则之一,A. 避免使用任何人工干预; B. 确保所有文献来自同一个数据库; C. 对收集到的信息进行批判性评估; D. 依赖AI生成的初稿作为最终版本,C,批判性评估是学术研究基本原则
48,单选题,以下哪个模型是生成式AI的常用模型?,A. CNN; B. RNN; C. GANs; D. SVM,C,"GANs是生成模型代表
(A：卷积神经网络;B：循环神经网络，但通常用于序列处理而非直接生成;C：生成对抗网络;D：支持向量机，为判别式模型)"
49,单选题,生成式AI大模型的技术架构中，哪个部分负责模型的推理和输出?,A. 数据输入层; B. 模型训练层; C. 推理层; D. 应用层,C,推理层直接负责计算输出结果(虽然应用层也涉及输出，但推理层更直接负责模型的输出)
50,单选题,AI助手(Assistant)主要利用哪种技术提供智能服务?,A. 自然语言处理; B. 计算机视觉; C. 深度学习; D. 机器学习,C,"深度学习是实现智能服务的底层技术(C更具体,且AI助手通常基于深度学习技术)"
51,单选题,生成式AI大模型在部署时，需要重点考虑哪些因素?(多选的单选形式，选最全面的),A. 硬件资源需求; B. 模型兼容性; C. 安全性与隐私保护; D. 包括A、B和C在内的所有因素,D,部署需综合硬件、兼容性和安全性
52,单选题,以下哪个不是生成式AI应用中常见的模型评估指标?,A. 准确率; B. 召回率; C. F1分数; D. 多样性,A,"生成质量评估需专用指标（如多样性）
(A：虽可用于分类任务,但生成式AI更关注生成质量)
(B：同样适用于分类任务)
(C：也是分类任务的评估指标)
(D：生成式AI中常用来评估生成结果的丰富性)"
53,单选题,以下哪个不是生成式AI应用中可能面临的伦理问题?,A. 数据隐私泄露; B. 模型偏见导致的不公平; C. 计算资源消耗过大导致的环境问题; D. 模型性能不足导致的用户不满,D,模型性能不足属于技术问题非伦理问题
54,单选题,微调(Fine-tuning)技术主要用于提升模型的:,A. 泛化能力; B. 在特定任务上的性能; C. 训练速度; D. 内存占用,B,微调提升特定任务性能
55,单选题,代理(Agent)在AI系统中通常扮演什么角色?,A. 数据收集者; B. 决策制定者; C. 用户界面提供者; D. 以上都是可能，但更核心的是B(决策制定者),D,代理可承担多种角色
56,单选题,借助AI进行大型商业项目时，以下哪个步骤最为关键?,A. 数据收集; B. 模型选择与训练; C. 项目需求分析; D. 系统部署与维护,C,需求分析决定项目方向
57,单选题,Transformer模型在生成式AI中的核心机制是什么?,A. 卷积操作; B. 注意力机制; C. 循环连接; D. 池化层,B,注意力机制是Transformer核心创新
58,单选题,利用人工智能技术辅助设计PPT，可以理解用户的需求和意图，自动选择合适的模板，生成吸引人的布局和设计，甚至生成动画效果，从而大大提高制作PPT的效率和质量。在使用AI辅助制作PPT时，提升AI生成内容质量的方法不包括?,A. 提供更多的背景信息和参考资料; B. 简化指令，避免使用复杂句式的提示词; C. 增加AI大模型的训练时间; D. 降低对AI的期望，接受其局限性,D,降低期望会掩盖可优化空间
60,单选题,在构建线性回归模型时，我们通常会对模型的性能进行评估，以确保其预测的准确性。假设你已经使用过去一年的广告支出和销售额数据建立了一个线性回归模型。现在，你需要评估该模型的性能。你决定使用均方误差(Mean Squared Error，MSE)作为评价指标。在评估过程中，你发现模型的MSE值较高。以下哪种情况可能是导致高MSE值的原因?,A. 模型未捕捉到数据中的非线性关系，导致预测误差较大。; B. 模型中存在多重共线性，即独立变量之间存在较高的相关性。; C. 模型的训练数据量过大，导致过拟合。; D. 模型的训练数据量过小，导致过拟合。,A,非线性关系导致预测偏差
61,单选题,AI助手在提供任务执行服务时，如何确保任务的正确性和高效性?,A. 仅依赖模型的预测结果; B. 结合具体的任务逻辑和规则进行验证; C. 忽略任务的具体要求; D. 不进行任何形式的错误处理,B,逻辑验证保障任务准确性
62,单选题,大模型API调用环境配置中，安装相应Python库的主要目的是(),A. 增强代码可读性; B. 提供与API交互的工具; C. 加快代码运行速度; D. 方便代码版本管理,B,Python库封装API交互接口
63,单选题,API密钥设置为环境变量的好处不包括(),A. 提高安全性; B. 便于在不同环境中使用; C. 避免硬编码在代码中; D. 加快API请求速度,D,环境变量不影响传输速度
64,单选题,非流式输出API调用时，请求结果的获取方式是(),A. 实时逐字获取; B. 分多次按固定大小块获取; C. 一次性全部获取; D. 按段落依次获取,C,非流式输出一次性返回完整结果
65,单选题,流式输出API调用更适合的场景是(),A. 对响应时间要求不高的场景; B. 一次性获取大量数据的场景; C. 需要实时看到部分结果的场景; D. 数据处理逻辑简单的场景,C,流式输出支持实时交互
66,单选题,Gradio库的主要用途是(),A. 数据科学计算; B. 构建机器学习模型; C. 快速搭建交互界面; D. 进行网络爬虫,C,Gradio专注快速构建UI界面
67,单选题,使用 DeepSeek模型非流式输出API调用，创建客户端对象后下一步通常是(),A. 定义请求参数; B. 发送请求; C. 处理响应; D. 关闭客户端,A,参数定义是请求前置步骤
68,单选题,流式输出API调用时，数据传输的特点是(),A. 先传输重要部分，再传输次要部分; B. 按照数据生成顺序逐步传输; C. 一次性将所有数据打包传输; D. 随机传输数据片段,B,数据按生成顺序实时传输
69,单选题,在大模型API调用中，环境变量的设置一般使用(),A. os.environ; B. sys.path; C. math模块; D. random模块,A,os.environ是标准环境变量操作模块
70,单选题,若要实现基于Gradio的简单文本输入输出界面，核心组件是(),A. gr.Slider; B. gr.Textbox; C. gr.Dropdown; D. gr.Checkbox,B,文本框是基础输入输出组件
71,单选题,非流式输出API调用请求失败时，常见的异常处理方式是(),A. 直接忽略错误; B. 使用try- except语句捕获异常; C. 重新运行整个程序; D. 手动修改请求参数,B,try-except是标准异常处理机制
72,单选题,流式输出API调用过程中，以下哪种情况可能导致数据传输中断(),A. 网络连接不稳定; B. 服务器响应速度快; C. 请求参数设置正确; D. 客户端处理能力强,A,网络不稳定导致数据流中断
73,单选题,大模型API调用中，API密钥的正确存储方式是(),A. 明文存储在代码文件中; B. 存储在公共的云盘里; C. 加密存储在安全的地方; D. 写在纸质笔记本上,C,加密存储防止密钥泄露
74,单选题,非流式输出API调用，当请求的文本较长时，可能会出现的问题是(),A. 响应时间过长; B. 数据传输速度加快; C. 服务器处理效率提高; D. 不会有任何问题,A,长文本处理增加响应延迟
75,单选题,Gradio界面中，用于触发操作的组件通常是(),A. gr.Textbox; B. gr.Button; C. gr.Image; D. gr.Radio,B,按钮组件触发操作事件
76,单选题,使用DeepSeek模型进行流式输出API调用时，监听数据的返回一般使用(),A. 循环结构; B. 条件判断语句; C. 函数定义; D. 类定义,A,循环结构监听流式数据
77,单选题,AI助手在提供任务执行服务时，如何确保任务的正确执行?,A. 仅依赖模型的预测结果。; B. 结合具体的任务逻辑和规则进行验证。; C. 忽略任务的具体要求。; D. 不进行任何形式的错误处理。,B,规则验证确保任务逻辑正确
78,单选题,生成式AI大模型在部署时，如何确保模型的安全性?,A. 仅依赖硬件的安全性。; B. 结合模型加密、访问控制等技术。; C. 忽视模型的数据输入。; D. 不进行任何形式的安全测试。,B,需结合加密和访问控制技术保障安全
79,多选题,当使用文生图模型API生成图像时，为了控制生成图像的风格和细节程度，以下哪些API参数可能会被使用,A. style; B. detail_level; C. temperature; D. seed,ABD,style控制艺术风格，detail_level调整细节精度，seed确保生成可复现
80,多选题,以下哪些技术可以用于提升生成式AI模型的性能?,A. 分布式训练; B. 模型压缩; C. 迁移学习; D. 强化学习,ABCD,分布式训练加速计算，模型压缩减小体积，迁移学习适配新任务，强化学习优化生成策略
81,多选题,生成式AI在医疗领域的应用包括哪些?,A. 医学影像分析; B. 疾病诊断与预测; C. 药物研发; D. 患者健康管理,ABCD,涵盖影像分析、诊断辅助、药物研发、健康管理等核心医疗应用场景
82,多选题,在借助AI修图时，以下哪些步骤是可能的?,A. 自动调整图像的亮度和对比度; B. 根据图像内容自动添加滤镜效果; C. 手动调整图像的细节和布局; D. 对图像进行创意性的构图和设计,AB,AI可自动优化基础参数（亮度/对比度）和添加滤镜效果，创意性设计依赖人工，(C\D虽可结合AI，但更多依赖人工)
83,多选题,借助AI生成与优化PPT时，需要考虑哪些因素?,A. PPT的主题和结构; B. 幻灯片的布局和风格; C. 内容的逻辑性和连贯性; D. AI模型的特性和输出质量,ABCD,主题结构决定内容框架，布局风格影响展示效果，逻辑连贯保障专业性，模型质量决定输出水平
84,多选题,"在内容创作场景中,运用生成式AI的技巧包括?()",A. 确定创作主题和风格; B. 利用AI生成框架和思路; C. 对生成内容进行深度加工; D. 直接使用AI生成的内容,ABC,主题定位是创作起点，AI生成需框架引导，深度加工确保内容质量
85,多选题,关于构建提示词(Prompts)以提高人工智能模型的输出质量，以下哪些元素是关键?,A. 确定准确的输入格式; B. 确定准确的输出格式; C. 提供相关的背景信息; D. 选择合适的字体和颜色,ABC,输入输出格式是接口规范，背景信息提供上下文，视觉设计非提示词范畴
86,多选题,借助AI生成文章时，以下哪些方面可以进行优化?(),A. 内容的逻辑性和连贯性; B. 语言表达的准确性和流畅性; C. 增加具体的案例和数据支持; D. 改变文章的主题和核心观点,ABC,逻辑性是内容核心，语言准确性影响表达，案例数据增强说服力，主题观点需保持一致
87,多选题,在借助AI生成和优化PPT时，以下哪些是有效的方法?(),"A. 让AI生成PPT的大纲和内容框架; B. 使用AI生成与主题相关的图片和图表; C. 根据演讲风格和受众特点,优化PPT的排版和设计; D. 直接将AI生成的内容复制到PPT中，不做任何修改",ABC,AI生成初始框架与素材，人工优化排版设计，直接复制忽略适配性审查
88,多选题,以下哪些做法有助于提升AI生成PPT的质量?,A. 确定PPT的主题和结构; B. 选择合适的幻灯片布局和风格; C. 对生成的PPT进行细致的审查和修改; D. 忽略AI模型的局限性和错误输出,ABC,需求分析是基础，视觉设计定风格，人工审查保质量，忽略错误输出导致应用风险
89,多选题,"在借助AI进行文章生成时,以下哪些做法可以提高生成质量?","A. 使用具体、明确的提示词; B. 对生成的文章进行语法和拼写检查; C. 依赖AI完全生成文章,不进行任何修改; D. 结合目标受众的喜好调整文章风格",ABD,明确提示词精准引导，语法检查提升规范，目标受众决定表达方式，完全依赖AI质量不可控
90,多选题,为了优化AI生成的PPT，以下哪些做法是正确的?,A. 确定PPT的主题和结构; B. 选择合适的幻灯片布局和风格; C. 对生成的PPT进行细致的审查和修改; D. 无需考虑内容的逻辑性和连贯性,ABC,内容框架是核心，视觉呈现增效果，细节审查提质量，忽略逻辑性导致内容脱节
91,多选题,在熟悉主流生成式AI工具的使用方式时，你需要掌握哪些技能?,A. 工具的基本操作和使用方法; B. 工具的参数调整和高级功能; C. 工具的维护和故障排查; D. 无需了解工具的更新和升级信息,ABC,操作方法是前提，参数调整是进阶，维护能力保应用，持续更新需关注
92,多选题,以下哪些做法可以帮助提升AI修图的效果?,A. 提供高质量的原始图像; B. 对修图结果进行细致的审查和调整; C. 尝试不同的AI修图工具和参数组合; D. 忽略AI模型的特性和限制,ABC,原图质量是基础，后期优化增效果，工具测试选最优，忽略模型特性降低可控性
93,多选题,生成式AI大模型的理论知识中，Token的作用包括哪些?,A. 数据表示的基本单位; B. 控制模型训练过程; C. 实现模型的输入输出; D. 无关紧要,AC,Token是生成式AI大模型数据表示的基本单位，并且用于实现模型的输入输出
94,多选题,借助AI生成与优化短视频时，需要掌握哪些技能?,A. 视频剪辑与后期处理; B. AI算法的应用与优化; C. 短视频内容的策划与创意; D. 短视频平台的运营与推广,ABC,借助AI生成与优化短视频时，需要掌握视频剪辑与后期处理技能，以便对生成的视频进行加工完善；要掌握AI算法的应用与优化，从而更好地利用AI工具生成优质视频；还需要具备短视频内容的策划与创意，为视频产出提供核心思路。而选项D“短视频平台的运营与推广”主要侧重于视频制作完成后的推广环节，并非借助AI生成与优化短视频时需要掌握的技能。所以答案选ABC
95,多选题,"借助AI进行学术研究与论文写作时,AI可以辅助完成哪些任务?",A. 文献检索与整理; B. 实验设计与数据分析; C. 论文撰写与修改; D. 论文发表与版权申请,ABC,一次性返回简化处理，适用非实时场景，传输逻辑简单可靠
96,多选题,"人工智能已经站上短视频批量制造的赛道，不需要自学剪辑，输入文案就能“一键生成”短视频,一分钟就能导出一个文案、配音、画面、背景乐齐全的短视频来。AI在短视频制作中,可以辅助完成的工作包括哪些?",A. 视频内容策划; B. 镜头选择与组合; C. 特效与滤镜的应用; D. 视频的发布与推广,ABC,ABC选项均属于在短视频制作过程中AI可以辅助完成的工作，A选项视频内容策划可借助AI根据输入文案生成合适的视频内容框架等；B选项镜头选择与组合，AI能按照一定逻辑和风格挑选并组合镜头；C选项特效与滤镜的应用，AI可自动为视频添加特效和滤镜。而D选项视频的发布与推广主要涉及到平台操作、营销策略等方面，并非AI在短视频制作中辅助完成的工作内容，所以答案选ABC。
97,多选题,关于Hugging Face等人工智能大模型的平台，以下哪些说法是正确的?,A. Hugging Face等模型平台提供开源的人工智能模型和工具; B. 用户可以在这类平台上分享和下载模型; C. Hugging Face等模型平台提供闭源的人工智能模型和工具; D. 这类平台主要用于计算机视觉模型的训练,AB,Hugging Face等人工智能大模型平台提供开源的人工智能模型和工具，用户可在平台分享和下载模型，选项C说提供闭源模型和工具、选项D说主要用于计算机视觉模型训练均错误 
98,多选题,生成式AI最新的发展趋势包括以下哪些方面?(),A. 模型性能不断提升，生成内容质量更高; B. 与更多行业深度融合，创造新的应用场景; C. 对数据隐私和安全的关注度降低; D. 开源模型的发展与壮大,ABD,生成式AI最新发展趋势有模型性能提升使生成内容质量更高（A选项）、与更多行业深度融合创造新应用场景（B选项）、开源模型发展壮大（D选项），发展中对数据隐私和安全关注度提高，C选项错误 
99,多选题,大模型API调用基础的环境配置可能涉及(),A. 安装 Python解释器; B. 安装API对应的Python库; C. 设置API密钥; D. 配置网络代理,ABCD,大模型API调用基础的环境配置可能涉及安装Python解释器、安装API对应的Python库、设置API密钥以及配置网络代理，答案选ABCD。 
100,多选题,非流式输出API调用的特点包括(),A. 一次性返回所有结果; B. 适合对实时性要求不高的场景; C. 数据传输相对简单; D. 可以实时看到部分结果,ABC,正确答案选ABC，选项A非流式输出API一次性返回所有结果；选项B其适合对实时性要求不高的场景；选项C数据传输相对简单；选项D能实时看到部分结果是流式输出API特点，非非流式输出API特点。 
101,多选题,流式输出API调用的优势有(),A. 实时性好; B. 减少客户端等待时间; C. 适合长文本交互; D. 节省服务器资源,ABC,流式输出API调用实时性好，可边生成边返回结果，减少客户端等待时间，适合长文本交互 
102,多选题,基于Gradio部署前端页面可以使用的组件有(),A. 文本框; B. 按钮; C. 滑块; D. 图像展示框,ABCD,支持多种媒介展示形式和用户交互方式
103,多选题,"使用 DeepSeek模型进行API调用时,可能需要设置的参数有()",A. 模型名称; B. 提示信息(prompt); C. 最大生成长度; D. 温度参数(控制随机性),ABCD,使用DeepSeek模型进行API调用时，模型名称指定具体模型，提示信息是输入的问题或指令，最大生成长度限制生成内容长度，温度参数控制结果随机性，选项A、B、C、D都是可能需设置的参数
104,多选题,大模型API调用中，API密钥的管理需要注意(),A. 不要将密钥暴露在公共代码库中; B. 定期更换密钥; C. 对密钥进行加密存储; D. 只在测试环境使用，不在生产环境使用,ABC,答案ABC正确，大模型API调用中，API密钥不能暴露在公共代码库、需定期更换且加密存储；选项D错误，API密钥在测试和生产环境都可能使用。 
105,多选题,非流式输出API调用请求失败可能的原因有(),A. API密钥错误; B. 网络连接问题; C. 请求参数不符合要求; D. 服务器过载,ABCD,非流式输出API调用请求失败原因：API密钥错误致身份验证不通过；网络连接问题影响请求传输与响应接收；请求参数不符要求使服务器无法解析；服务器过载无法及时处理请求。 
106,多选题,"流式输出API调用过程中,可能遇到的问题有()",A. 数据丢失; B. 数据传输延迟; C. 服务器提前关闭连接; D. 客户端处理数据速度跟不上,ABCD,流式输出API调用可能遇到数据丢失、传输延迟、服务器提前关闭连接、客户端处理速度跟不上等问题，题目让判断该调用过程可能遇到的问题，答案ABCD对应选项内容即为此类问题，答案说明应围绕这些问题阐述。 
107,多选题,基于Gradio构建的前端页面，可以实现的功能有(),A. 文本输入与输出; B. 图像上传与展示; C. 选择不同的选项; D. 数值输入与调整,ABCD,基于Gradio构建的前端页面，A选项可实现文本输入与输出功能，B选项具备图像上传与展示能力，C选项能让用户选择不同选项，D选项支持数值输入与调整，答案选ABCD
108,多选题,带有历史聊天记录功能的DeepSeek模型实现，涉及的操作可能有(),A. 存储历史聊天记录; B. 在新请求中携带历史记录; C. 对历史记录进行格式化处理; D. 对历史记录进行分析和筛选,ABCD,带有历史聊天记录功能的DeepSeek模型实现可能涉及的操作，选项A存储历史聊天记录是基础；选项B在新请求中携带历史记录可使模型结合历史信息回复；选项C对历史记录格式化处理有助于模型理解；选项D对历史记录分析筛选可去除无用信息使模型关注关键内容，ABCD选项均符合。 
109,多选题,在预训练过程中，大语言模型通常可以使用哪些类型的数据?,A. 大规模的未标注文本数据; B. 大规模的有标注文本数据; C. 大规模的图像数据; D. 结构化的表格数据,AB,大语言模型预训练常用大规模未标注和有标注文本数据，前者助模型学语言通用模式规律，后者用于监督学习提升特定任务性能，大规模图像数据用于图像模型训练，结构化表格数据用于数据分析等，所以选AB
110,多选题,提示词的概念包括哪些方面?,A. 是指导AI生成特定内容的关键词或短语; B. 是AI生成内容的主要依据; C. 可以影响AI生成内容的质量和风格; D. 与AI模型的训练数据无关,ABC,覆盖角色设计视觉开发、场景渲染效果优化、特效制作效率提升、AI换脸技术应用
111,多选题,不同场景/岗位的AI应用技巧包括哪些方面?,A. 根据具体需求选择合适的AI工具和技术; B. 了解AI模型的局限性和适用范围; C. 不断尝试和优化AI应用的效果; D. 忽略用户反馈，不进行持续优化,ABC,在不同场景/岗位应用AI时，首先要根据具体需求选择合适的AI工具和技术，同时需了解AI模型的局限性和适用范围，并且要不断尝试和优化AI应用的效果，而不能忽略用户反馈、不进行持续优化”
112,多选题,借助AI进行数据分析时，常见的分析工具包括哪些?,A. Python与R语言; B. Excel与SPSS; C. 深度学习框架(如TensorFlow); D. 商业智能软件(如Tableau),ABCD,Python与R语言可用于数据处理、建模等，Excel有基本数据分析功能，SPSS用于统计分析，TensorFlow可构建和训练深度学习模型进行数据分析，Tableau可用于数据可视化和分析，ABCD选项均为借助AI进行数据分析时常见的分析工具。 
113,多选题,在商业活动中应用生成式AI时，需要关注的商业指标有哪些?,A. 客户满意度; B. 运营效率; C. 成本控制; D. 品牌影响力,ABCD,ABCD四个选项均是在商业活动中应用生成式AI时需关注的商业指标，A可改善客户体验提高满意度，B能自动化流程提升运营效率，C合理运用可降低成本，D良好应用能提升品牌影响力 
114,多选题,"借助AI进行学术研究时,可用于文献综述的AI工具或技术有()",A. 自动文献综述生成器; B. 文本挖掘与分类技术; C. 知识图谱构建; D. 机器翻译工具,ABC,自动文献综述生成器可直接生成文献综述；文本挖掘与分类技术能对大量文献进行挖掘和分类，辅助完成文献综述；知识图谱构建可将文献中的知识关联起来，有助于文献综述的撰写。机器翻译工具主要用于语言翻译，并非专门用于文献综述，所以借助AI进行学术研究时可用于文献综述的工具或技术答案选ABC。 
115,多选题,"近年来随着人工智能技术的迅猛发展，越来越多的行业开始应用人工智能技术，电影制作行业也不例外。人工智能在电影制作行业中的应用,不仅大大提高了电影制作的效率和质量,还给电影创作带来了全新的可能性。AI图像技术在电影制作中的应用包括哪些?",A. 角色设计; B. 场景渲染; C. 特效制作; D. AI换脸,ABCD,题目关于AI图像技术在电影制作中的应用，答案选ABCD正确，AI图像技术可用于角色设计、场景渲染、特效制作、AI换脸
116,多选题,以下哪些是AI数据分析中常用的算法模型(),A. 聚类分析; B. 回归分析; C. 关联规则挖掘; D. 主成分分析,ABC,聚类分析可分组数据对象，在AI数据分析中发现自然分组结构；回归分析建立变量关系模型，预测数值输出；关联规则挖掘发现数据集不同项目关联关系，这三种是AI数据分析常用算法模型。主成分分析用于数据降维，非直接用于数据分析的算法模型。 
117,多选题,制定生成式AI模型落地应用的基本方案时，需要考虑哪些因素?,A. 业务场景的需求; B. 模型的性能与准确性; C. 法律法规与隐私保护; D. 用户体验与交互设计,ABCD,制定生成式AI模型落地应用基本方案时，A业务场景需求、B模型性能与准确性、C法律法规与隐私保护、D用户体验与交互设计四个选项均是需考虑的因素 
118,多选题,普通级AI应用师需要掌握的知识与技能包括哪些?,A. 编程基础; B. AI算法原理; C. 数据处理与分析; D. 人工智能伦理与责任,ABCD,普通级AI应用师需掌握编程基础、AI算法原理、数据处理与分析以及人工智能伦理与责任等知识与技能
119,多选题,生成式AI模型在部署时需要考虑哪些因素?,A. 硬件资源; B. 软件兼容性; C. 模型性能; D. 安全性与隐私保护,ABCD,生成式AI模型部署需考虑硬件资源确保计算能力、软件兼容性保证与现有系统配合、模型性能（推理速度、准确率等）以及安全性与隐私保护防止数据泄露，答案选ABCD
120,多选题,在借助AI生成与优化文章时，需要考虑哪些因素?,A. 文章的主题和结构; B. 目标受众的喜好和阅读习惯; C. AI模型的特性和输出质量; D. 文章的排版和字体选择,ABC,"D虽重要,但更多属于后期编辑范畴"
121,多选题,借助AI生成短视频时，可用于视频内容生成的技术有(),A. 图像生成对抗网络(GAN); B. 神经风格迁移; C. 视频生成模型; D. 图像合成技术,ACD,正确答案为ACD，选项A图像生成对抗网络(GAN)可生成逼真图像用于视频内容；选项C视频生成模型是专门用于视频内容生成的技术；选项D图像合成技术能将不同图像组合用于视频内容；选项B神经风格迁移主要是将一种图像的风格迁移到另一种图像上，并非主要用于视频内容生成。 
122,多选题,借助AI生成图像时，需要掌握哪些技巧?,A. 提供具体、清晰的图像描述; B. 了解AI模型的图像生成能力; C. 对生成的图像进行后期处理和优化; D. 随意选择AI模型，不进行任何测试,ABC,借助AI生成图像时，提供具体清晰描述、了解AI模型能力、对图像后期处理优化能获理想结果，随意选模型不测试可能无法满意，答案选ABC
123,多选题,以下哪些技巧可以帮助优化提示词的效果?,"A. 使用具体、明确的词汇; B. 结合AI模型的特性选择词汇; C. 避免使用模糊、抽象的描述; D. 随意组合词汇,不进行任何优化",ABC,能帮助优化提示词效果的是ABC，原因是选项A用具体明确词汇可使提示词表达清晰准确；选项B结合AI模型特性选词汇能让提示词适配模型；选项C避免模糊抽象描述可使提示词表意精准；选项D随意组合词汇不优化会使提示词表意不清，应排除。 
124,多选题,在利用AI进行图像生成时，以下哪些做法可以提高生成效率?,"A. 提供清晰的图像描述; B. 选择合适的AI模型; C. 对生成的图像进行后期处理; D. 无需进行任何测试,直接生成",ABC,明确需求是前提，约束条件限范围，简洁表达减干扰
125,多选题,"使用AI生成图像时,如何对生成的图像进行优化?()","A. 使用图像编辑工具对细节进行调整和修饰; B. 直接使用生成的图像,无需进行任何优化; C. 改变图像的色彩、对比度等参数,提升视觉效果; D. 通过调整提示词重新生成部分内容,进行融合优化",ACD,选项A用图像编辑工具调整修饰细节能让图像更精致，是常见优化方式；选项C改变图像色彩、对比度等参数可提升视觉效果，属优化手段；选项D调整提示词重新生成部分内容并融合优化能使图像更符合需求，也是可行优化方法。选项B直接使用生成图像不优化不符合要求。 
126,多选题,在借助AI生成与优化PPT时，以下哪些做法可以提高PPT的专业性?,A. 确定PPT的主题和结构; B. 选择专业的幻灯片布局和风格; C. 对生成的PPT进行细致的审查和修改; D. 忽略内容的逻辑性和连贯性,ABC,借助AI生成与优化PPT时，确定主题和结构可让PPT有清晰框架，选专业布局和风格可提升整体专业性，细致审查修改能完善内容，选项A、B、C做法可提高专业性，忽略内容逻辑性和连贯性会降低质量。 
128,多选题,"借助AI生成与优化短视频时,需注意的版权问题有()",A. 素材版权; B. 生成内容的版权归属; C. 对他人作品的合理使用; D. 版权纠纷的应对措施,ABCD,借助AI生成与优化短视频时，ABCD选项均为需注意的版权问题，A选项要注意素材版权，确保合法授权；B选项要明确生成内容版权归属；C选项对他人作品合理使用需遵循法规；D选项要提前制定版权纠纷应对措施。 
129,多选题,以下哪些是提示词书写的基本原则?(),"A. 使用模糊和抽象的词汇，让生成式AI自由发挥; B. 具体明确,准确传达需求和意图; C. 包含关键信息和约束条件; D. 简洁明了，避免过于复杂和冗长的表述",BCD,提示词书写应具体明确，准确传达需求和意图，包含关键信息和约束条件，简洁明了，避免复杂冗长表述及使用模糊抽象词汇让生成式AI自由发挥 
130,多选题,生成式AI模型的训练方法通常涉及哪些步骤?,A. 数据收集与预处理; B. 模型架构设计; C. 训练与验证; D. 部署与优化,ABC,生成式AI模型训练时，首先需要进行数据收集与预处理，即收集相关数据并对其进行清洗、标注等处理，为后续训练提供优质数据，所以A选项正确；接着要进行模型架构设计，根据任务需求和数据特点设计合适的模型结构，这是构建模型的基础，故B选项正确；之后开展训练与验证，使用处理后的数据对模型进行训练，并通过验证集评估模型性能，以不断调整模型参数，因此C选项正确；而部署与优化是模型训练完成后的步骤，并非训练方法通常涉及的步骤，所以D选项错误。 
131,多选题,生成式AI的数据处理流程通常包括哪些环节?,A. 数据清洗; B. 特征提取; C. 文本向量化; D. 序列标注,AC,生成式AI数据处理流程通常包含“数据清洗”和“文本向量化”环节，数据清洗是对原始数据预处理、去噪等提高数据质量，文本向量化是将文本转为向量便于后续处理。 
133,多选题,提示词工程在生成式AI中的作用是什么?,A. 引导模型生成特定内容; B. 提高生成内容的准确性和相关性; C. 优化模型训练效率; D. 减少模型过拟合风险,AB,答案选AB，提示词工程在生成式AI中可引导模型生成特定内容，提高生成内容准确性和相关性
134,多选题,生成式AI大模型的部署与使用过程中，需要考虑哪些因素?,A. 硬件资源的配置与优化; B. 模型的兼容性与可移植性; C. 数据安全与隐私保护; D. 用户界面的友好性与易用性,ABCD,生成式AI大模型部署与使用需考虑多因素，硬件资源配置与优化是高效运行基础，要合理规划计算资源等；模型兼容性与可移植性确保在不同环境正常工作；数据安全与隐私保护对保护用户信息和敏感数据重要；用户界面友好性与易用性影响使用体验和操作效率，ABCD选项均需考虑 
135,多选题,AI助手(Assistant)在提供智能服务时，主要依赖哪些技术?,A. 自然语言理解; B. 对话管理; C. 知识图谱; D. 机器学习算法,ABCD,AI助手提供智能服务主要依赖自然语言理解技术理解用户输入语言、对话管理技术管理对话流程和状态、知识图谱技术组织和存储知识、机器学习算法进行模型训练提升服务能力
136,多选题,生成式AI在文本生成方面的关键技术有哪些?,A. 序列到序列模型; B. 变分自编码器; C. 生成对抗网络; D. 循环神经网络及其变种,ACD,序列到序列模型适合文本生成任务；生成对抗网络提升生成能力；循环神经网络及其变种能处理序列数据并捕捉上下文信息
137,多选题,生成式AI在图像生成方面的关键技术有哪些?,A. 生成对抗网络; B. 变分自编码器; C. 像素递归神经网络; D. 卷积神经网络,ABC,生成对抗网络通过生成器和判别器对抗训练生成图像；变分自编码器学习数据潜在分布生成新图像；像素递归神经网络按像素顺序生成图像，A、B、C选项均为关键技术。卷积神经网络主要用于图像识别，非直接用于图像生成（D选项）。 
139,多选题,AI助手(Assistant)在提供个性化服务时，需要考虑哪些因素?,A. 用户的个人偏好与历史行为; B. 当前上下文信息; C. 外部知识库与数据源; D. 服务的实时性与准确性,ABCD,AI助手需考虑用户个人偏好与历史行为以了解需求、当前上下文信息使服务贴合场景、借助外部知识库与数据源获取全面准确知识，且要保证服务实时性与准确性
140,多选题,生成式AI大模型的技术架构通常包括哪些组成部分?,A. 数据输入层; B. 模型训练层; C. 推理与输出层; D. 用户交互层,ABCD,生成式AI大模型技术架构含数据输入层、模型训练层、推理与输出层和用户交互层，选项ABCD均正确
141,多选题,生成式AI大模型在商业化应用过程中，如何平衡技术创新与风险控制?,"A. 持续关注技术前沿动态,保持技术领先; B. 建立完善的风险评估与监控机制; C. 强化数据安全与隐私保护措施; D. 在确保安全与合规的前提下推进技术创新",ABCD,ABCD四个选项都正确阐述了在商业化应用过程中平衡技术创新与风险控制的方法，A持续关注技术前沿推动生成式AI大模型发展；B建立风险评估与监控机制应对商业化应用风险；C强化数据安全与隐私保护控制风险；D在安全合规前提下推进技术创新。 
142,多选题,熟练掌握主流生成式AI工具的使用方式及高级特性包括哪些方面?,A. 熟悉工具界面与操作流程; B. 掌握高级功能与算法原理; C. 能够进行模型自定义与优化; D. 了解工具版本更新与维护,ABC,熟练掌握主流生成式AI工具的使用方式及高级特性涵盖熟悉工具界面与操作流程、掌握高级功能与算法原理、能进行模型自定义与优化等，“了解工具版本更新与维护”不在使用方式及高级特性范围内。 
143,多选题,撰写提示词实现复杂需求目标时，需要掌握哪些优化方法?,"A. 精确描述需求,避免歧义; B. 使用多样化词汇，增加生成多样性; C. 考虑上下文语境，保持连贯性; D. 不断迭代与优化,提升生成质量",ABC,撰写提示词实现复杂需求目标的优化方法包括精确描述需求、避免歧义，使用多样化词汇、增加生成多样性，考虑上下文语境、保持连贯性
144,多选题,借助AI生成与优化短视频时，需要掌握哪些技能?,A. 视频剪辑与后期处理; B. 内容创意与策划; C. AI模型的选择与应用; D. 社交媒体营销策略,ABC,借助AI生成与优化短视频需掌握视频剪辑与后期处理、内容创意与策划、AI模型的选择与应用技能，用于视频加工完善、提供核心内容与方向、利用AI生成视频；社交媒体营销策略用于视频推广，非生成与优化短视频本身所需技能。 
145,多选题,借助AI进行学术研究与论文写作时，可以应用于哪些方面?,A. 文献检索与综述; B. 实验设计与数据分析; C. 论文撰写与校对; D. 学术成果发布与推广,ABC,借助AI进行学术研究与论文写作时，可以应用于文献检索与综述、实验设计与数据分析、论文撰写与校对等方面。题目选项中未提及创作起点、框架引导和内容质量等方面
146,多选题,借助AI进行数据分析时，可以应用于哪些领域?,A. 市场营销; B. 风险评估; C. 供应链优化; D. 个人健康管理,ABC,输入输出格式是接口规范，背景信息提供上下文，视觉设计非提示词范畴
147,多选题,借助AI进行商业活动时，可能涉及的方面有哪些?,A. 市场趋势预测; B. 消费者行为分析; C. 营销策略制定; D. 产品设计与研发,ABC,借助AI进行商业活动时，A市场趋势预测、B消费者行为分析、C营销策略制定均可借助AI完成，产品设计与研发虽可能用到技术手段，但题干强调借助AI的商业活动方面，其更多涉及专业技术和创新等，并非借助AI商业活动必然涉及方面，答案选ABC。 
148,多选题,制定生成式AI模型落地应用的基本方案时，需要考虑哪些因素?,A. 业务需求与场景分析; B. 数据质量与处理流程; C. 模型性能评估与优化; D. 法规遵从与安全性考虑,ABD,制定生成式AI模型落地应用基本方案需考虑业务需求与场景分析（明确应用方向和场景）、数据质量与处理流程（保障模型有效运行）、法规遵从与安全性考虑（确保符合法规和数据安全），模型性能评估与优化是应用过程中持续工作，非制定基本方案时必须考虑因素。 
149,判断题,企业在应用生成式AI时，不需要考虑伦理道德和社会责任问题。,,错误,企业应用生成式AI时必须考虑伦理道德和社会责任问题，以避免产生负面影响
150,判断题,主流生成式AI工具的使用方式都大同小异，无需特别熟悉。,,错误,不同主流生成式AI工具的使用方式可能有所不同，需要熟悉其特点和操作方法
151,判断题,"优质的数据对于算法的训练和验证至关重要,而数据的多样性和规模也决定了人工智能系统的泛化能力和适应性。所有的人工智能模型都需要通过大量的数据进行训练才能获得良好的性能。",,正确,数据是AI模型训练的基础，数据的质量和规模直接影响模型性能
152,判断题,"使用AI进行图像修复时,可以准确地还原老照片所遭受的退色、损坏和磨损等问题,以恢复照片的原始质量和细节。",,正确,AI图像修复技术可以有效地修复老照片的退色、损坏等问题
153,判断题,借助AI生成PPT时，用户只需提供PPT的主题，AI会自动生成完整的PPT。(),,错误,用户可能需要提供PPT的主题、结构、内容等信息，并可能需要对生成的PPT进行审查和修改
154,判断题,人工智能只能模拟人类的思维过程，无法模拟人类的情感和行为。(),,错误,人工智能在某些方面可以模拟人类的情感和行为，尽管这种模拟可能相对简单和有限
155,判断题,"提示词越简单明了,AI生成的内容就越准确和相关。()",,错误,提示词的准确性和具体性对AI生成内容的质量有重要影响，但并非越简单越好
156,判断题,修图是指对生成的图像进行简单的裁剪和滤镜处理。(),,错误,"修图包括更广泛的后期处理,如色彩调整、细节增强等"
157,判断题,提示词优化后可以显著提高AI生成内容的质量和相关性。,,正确,优化提示词能够更准确地引导AI生成符合需求的内容
158,判断题,借助AI生成图像时，用户提供的描述越详细，生成的图像质量就越高。(),,正确,用户提供的详细描述可以帮助AI更好地理解需求，从而生成更高质量的图像
159,判断题,掌握提示词的书写方式与优化技巧可以提高AI生成内容的质量。(),,正确,良好的提示词技巧是提升AI生成效果的关键
160,判断题,不同场景/岗位的AI应用技巧是相同的，无需区分。(),,错误,不同场景/岗位的AI应用技巧可能有所不同，需要根据具体情况进行调整
161,判断题,变分自编码器(VAE)可以通过学习数据的潜在分布来生成新的数据样本。,,正确,VAE是一种生成模型，通过学习数据潜在分布生成新样本
162,判断题,在构建SCQA模型的‘Answer’部分时，应包含具体的解决方案和支持数据或事例来增强答案的说服力,,正确,SCQA模型中，Answer部分需要具体依据增强说服力
163,判断题,"AI生成图像在艺术创作领域有着广泛的应用。艺术家可以利用AI工具来生成各种风格和类型的数字艺术作品,如油画、水彩画、素描、卡通等。AI在图像生成方面的应用完全取代了人类艺术家的工作。",,错误,AI是辅助工具，不能完全取代人类艺术家的创造性和情感表达
164,判断题,提示词是用于引导AI生成内容的关键词或短语，其书写方式无需特别优化。(),,错误,提示词的优化对生成结果的质量至关重要
165,判断题,借助AI可以生成和优化文章，但无法生成高质量的学术论文。(),,错误,AI可以辅助生成包括学术论文在内的各种文章，但可能需要人工审核和修改
166,判断题,借助AI生成图像时，用户无需提供任何信息，AI会自动生成符合要求的图像。(),,错误,用户需要提供清晰、具体的描述或提示词，以便AI生成符合要求的图像
167,判断题,修图是指对生成的图像进行后期处理，使其更加美观和符合需求。(),,正确,修图即后期处理，以提升图像质量
168,问答题,短视频平台如何利用AI技术进行内容审核?,,"短视频平台可以利用AI技术进行内容审核,通过训练模型识别违规内容(如暴力、色情、恶意广告等),并自动进行过滤或标记,以确保平台内容的合规性和安全性。",
169,问答题,解释微调在AI模型训练中的作用及其重要性。,,微调是指在预训练模型的基础上，针对特定任务进行进一步的训练和调整。微调可以加速模型的训练过程，提高模型的准确性和泛化能力，使模型更好地适应特定任务的需求。,
170,问答题,简述借助AI生成短视频的一般流程:,,首先确定短视频的主题和内容大纲，然后使用自然语言生成文本脚本，例如描述场景、人物对话等。接着根据脚本选择合适的图像、视频素材，或利用AI绘画工具生成所需的视觉元素。再通过视频编辑软件或专门的AI视频生成工具，将文本、图像、音频等元素进行整合和编辑，添加特效、转场等，最终生成短视频。,
171,问答题,"在借助AI生成图像时,如何提高图像的生成质量?",,在借助AI生成图像时，要提高图像的生成质量，可以采取以下措施:首先，使用高质量的提示词和描述，确保AI能够准确理解自己的需求;其次，选择合适的AI模型和参数配置，以适应不同的图像类型和风格;最后，对生成的图像进行细致的调整和优化，如细节增强、色彩校正等，以提高图像的质量和效果。,
172,问答题,在生成式AI项目中，数据清洗和预处理的重要性体现在哪些方面?,,数据清洗和预处理在生成式AI项目中至关重要，因为它们直接影响到模型的训练效果和生成质量。通过清洗和预处理，可以去除噪声数据、填补缺失值、归一化数据等，从而提高数据的准确性和一致性,
173,问答题,简述生成式AI大模型评估的主要指标及其优化方法。,,生成式AI大模型评估的主要指标包括准确性、生成速度、多样性、连贯性等。优化方法包括改进模型架构、增加数据集规模、引入正则化技术、使用更先进的训练算法等。,
174,问答题,请设计一个生成式AI大模型的技术架构，并解释各个组成部分的作用。,,一个典型的生成式AI大模型技术架构包括数据输入层、模型训练层、推理与输出层以及用户交互层。数据输入层负责收集和处理输入数据;模型训练层负责构建和训练模型;推理与输出层负责根据输入生成输出数据;用户交互层则负责与用户进行交互，接收用户输入并展示输出结果。,
175,问答题,简述生成式AI大模型从初步发展到广泛应用的主要阶段。,,生成式AI大模型的发展历程经历了从初步研究、模型构建与优化、数据集扩展与标注、算法改进与应用探索等多个阶段。随着技术的不断成熟和数据量的不断增加，生成式AI大模型在各个领域的应用也越来越广泛,
177,问答题,在生成式AI中，提示词(Prompt)的作用是什么?如何设计有效的提示词?,,提示词在生成式AI中起着引导模型生成特定内容的作用。设计有效的提示词需要考虑目标内容的特点、模型的训练数据、以及用户的实际需求。有效的提示词应该简洁明了、具有代表性，并且能够激发模型的生成能力。,
178,问答题,在借助AI生成与优化文章时，如何平衡文章的自动化程度和人工干预?,,在借助AI生成与优化文章时，要平衡文章的自动化程度和人工干预，可以采取以下措施:首先，根据文章的类型和复杂程度选择合适的AI工具和技术;其次，在生成文章的过程中进行适当的监控和调整，确保文章的质量和准确性;最后，在文章生成后进行必要的审查和修改，以提高文章的可读性和吸引力。同时，也要根据实际需求和时间成本等因素来权衡自动化程度和人工干预的比例。,
179,问答题,简述AI在优化PPT过程中可从哪些方面提升效果。,,AI可从优化文字内容的准确性、简洁性和逻辑性入手，调整排版使其更美观合理，优化图表设计和展示效果，添加合适的图片、动画等元素增强视觉吸引力，还可根据主题风格进行整体设计优化，使 PPT更专业、更具吸引力。,
180,问答题,在借助AI生成图像时，如何避免生成重复或相似的图像?,,在借助AI生成图像时，要避免生成重复或相似的图像，可以采取以下措施:首先，使用多样化的提示词和描述来引导AI生成不同的图像;其次，在生成图像的过程中进行实时监控和调整，确保图像的独特性和多样性;最后，对生成的图像进行筛选和过滤，去除重复或相似的图像。,
181,问答题,如何评估AI生成内容的质量和准确性?,,评估AI生成内容的质量和准确性可以从多个方面进行考虑，如内容的准确性、逻辑性、可读性、创新性等。同时，也可以使用专业的评估工具和方法来量化评估AI生成内容的质量和准确性。例如，可以使用自然语言处理技术对文本内容进行语义分析和情感分析;可以使用图像识别技术对图像内容进行特征提取和分类等。通过这些评估方法，可以更加客观地评估AI生成内容的质量和准确性。,
182,问答题,不同场景下的AI应用有哪些共同点和差异点?,,不同场景下的AI应用有一些共同点，如都需要使用AI技术来解决实际问题、都需要对AI模型进行训练和优化等。同时，它们也存在一些差异点，如应用场景、用户需求、技术挑战等方面可能有所不同。因此，在开发和应用AI技术时，需要根据具体场景和需求进行针对性的设计和优化。,
183,问答题,提示词在AI生成内容中扮演什么角色?,,提示词在AI生成内容中扮演着至关重要的角色。它们为AI提供了生成内容的基本方向和框架，帮助AI理解用户的需求并生成符合要求的内容。同时，提示词的准确性和优化程度也直接影响AI生成内容的质量和相关性。,
184,问答题,AI技术在短视频制作中可以实现智能剪辑、特效添加、语音识别和自动字幕等功能。请简述AI如何在短视频制作中实现自动字幕生成?,,AI通过语音识别技术将视频中的语音内容转换为文字，然后根据视频的播放时间轴自动同步生成字幕，并插入到视频中。,
186,问答题,在生成式AI项目中，如何进行数据预处理以确保数据质量?,,在生成式AI项目中，数据预处理包括数据清洗、去重、归一化、缺失值处理等环节。通过数据清洗，可以去除无效或异常数据;去重可以避免重复数据对模型训练的影响;归一化可以确保数据在相同尺度上，便于模型处理;缺失值处理可以填补数据中的空白，提高数据完整性。这些步骤共同确保数据质量，为模型训练提供可靠的数据支持。,
187,问答题,简述AI助手在日常生活中的应用场景。,,AI助手在日常生活中的应用场景非常广泛，如智能音箱中的语音助手、手机上的智能助手应用、智能家居中的控制系统等。它们可以帮助用户完成信息查询、日程管理、语音控制等任务。,
188,问答题,生成式AI在哪些领域具有创新应用潜力?请列举并解释至少两个领域。,,生成式AI在创意产业和医疗健康领域具有创新应用潜力。在创意产业中，生成式AI可以生成新的艺术作品、音乐作品等，为创作者提供灵感和辅助。在医疗健康领域，生成式AI可以生成医疗报告,
189,问答题,在生成式AI项目中，如何确保数据安全和隐私保护?,,在生成式AI项目中，确保数据安全和隐私保护的关键措施包括数据加密、访问控制、匿名化处理等。数据加密可以保护数据在传输和存储过程中的安全性;访问控制可以限制对数据的访问权限，防止未经授权的访问;匿名化处理可以去除数据中的个人身份信息，保护用户隐私。,
190,问答题,在论文写作中，AI可以发挥哪些作用?,,AI在论文写作中可以提供文献综述、论文结构建议、语法检查、引用管理等功能，帮助作者提高写作效率和论文质量。,
191,问答题,AI在数据分析中的主要应用有哪些?,,AI 在数据分析中的应用包括数据挖掘、机器学习、预测分析、文本分析等，可以帮助企业或个人从大量数据中提取有价值的信息和洞察。,
192,问答题,如何利用AI技术进行商业活动分析?,,AI技术可以通过分析消费者行为、市场趋势、竞争对手信息等数据，为企业提供商业决策支持，如产品定价、营销策略制定、库存管理等。,
193,问答题,AI在短视频平台上的商业应用有哪些?,,AI在短视频平台上的商业应用包括智能推荐系统(提高用户粘性和广告转化率)、内容审核(确保平台内容合规)、广告精准投放(提高广告效果)等。,
194,问答题,Tokenization(分词)在NLP中的重要性是什么?,,Tokenization是NLP中的基础步骤之一，它通过将文本拆分成更小的单位(如Token)，使模型能够更容易地理解和处理文本信息。正确的分词对于提高模型性能至关重要。,
195,问答题,AI生成的短视频与人工制作的短视频相比有哪些优势?,,AI生成的短视频可以更快地生成大量内容，且能够根据用户喜好和市场需求进行个性化定制。此外，AI还能实现一些人工难以完成的效果，如复杂的动画和特效。,
196,问答题,请设计一个基于生成式AI的新闻稿生成方案，用于紧急事件的报道。,,方案:收集紧急事件的相关信息，包括时间、地点、人物和事件经过等。利用生成式AI工具快速生成新闻稿，并进行适当的编辑和校对。通过新闻发布平台及时发布报道，向公众传递紧急事件的信息。,
197,问答题,简述生成式AI大模型的主要训练方法和技术架构:,,生成式AI大模型的主要训练方法包括无监督预训练和有监督微调等。无监督预训练通常使用大量的文本数据，让模型自动学习语言的语法、语义等知识，如GPT系列采用的Transformer架构在海量文本上进行自回归预训练。技术架构上，常见的有Transformer架构，它由编码器和解码器组成，编码器负责将输入文本转换为向量表示，解码器则根据输入和已生成的部分文本生成下一个单词或字符。,
198,问答题,说明AI在学术研究中的主要应用场景:,,文献综述，AI可以快速检索和分析大量的学术文献，帮助研究者了解研究领域的现状和前沿动态，提取关键信息和观点。数据收集与分析，对于一些复杂的数据收集和处理任务，如大规模问卷调查数据的分析、实验数据的挖掘等，AI工具可以提供更高效准确的方法。论文写作辅助，包括语法检查、词汇推荐、文本生成等功能，帮助研究者更清晰地表达观点提高论文写作质量和效率。,
199,问答题,解释Token在AI技术中的作用。,,Token是AI技术中用于表示文本或数据的基本单位。在自然语言处理中，Token通常指单词、短语或标点符号等。通过Tokenization(分词)过程，可以将文本数据转换为模型可以处理的格式。,
200,问答题,请列举并解释三种评估生成式AI模型性能的方法。,,-人类评估:通过人工审核和打分的方式评估生成内容的质量和准确性。-自动评估指标:利用BLEU、ROUGE等自动评估指标来衡量生成内容与参考内容之间的相似度和质量。-用户反馈:通过收集用户对生成内容的满意度和反馈意见来评估模型的性能。,
201,问答题,某物流公司计划利用生成式AI工具优化物流路径规划。请设计一个应用方案，并说明如何评估其效益。,,应用方案:收集物流数据，包括货物起点、终点、运输时间和成本等。利用生成式AI工具生成优化的物流路径规划方案。评估效益:通过对比使用优化方案前后的运输时间、成本和客户满意度等指标，来衡量其效益。,
202,问答题,描述生成式AI的挑战和局限性,,生成式AI面临着一些挑战，例如模式崩溃(生成有限类型的样本)、生成的输出缺乏多样性以及对大型训练数据的需求。客观地评估生成样本的质量也可能是计算密集型的，并且具有挑战性。局限性包括难以控制生成的输出和训练数据中的潜在偏差。当生成式人工智能创建深度伪造或生成误导性内容时，就会出现道德挑战。,
203,问答题,在学术研究中，AI如何帮助提出新的研究假设?,,AI可以通过分析大量文献和数据，发现潜在的关联和趋势，从而为研究者提供新的研究假设和思路。此外，AI还能帮助验证假设的可行性和有效性。,
204,问答题,数据预处理在AI数据分析中的重要性是什么?,,数据预处理是AI数据分析中的关键步骤之一，它直接影响模型的训练效果和预测准确性。通过数据清洗、去重、归一化等操作，可以提高数据的质量和一致性。,
205,问答题,某教育机构计划利用生成式AI工具辅助在线教学。请设计一个应用方案，并说明如何确保教学质量。,,应用方案:使用生成式AI工具生成教学课件、习题和答案等教学资源。确保教学质量:对生成的教学资源进行严格的审核和验证，确保其准确性和科学性;同时，结合人工教学辅导和答疑，提高学生的学习效果。,
206,问答题,短视频平台如何利用AI技术进行用户画像构建?,,短视频平台可以利用AI技术对用户的行为、兴趣、偏好等数据进行分析和挖掘，构建用户画像。通过用户画像，平台可以更好地了解用户需求和行为模式，从而为用户提供更个性化的内容和服务。,
207,问答题,简述大模型API调用基础的环境配置步骤。,,大模型API调用基础的环境配置步骤如下:安装Python解释器(如果尚未安装)，确保使用合适的版本。使用包管理工具(如pip)安装API对应的Python库，这些库提供了与API交互的功能。设置API密钥，通常将其设置为环境变量，以提高安全性和方便在不同环境中使用。根据需要，配置网络代理，确保能够正常访问API服务器。,
208,问答题,说明非流式输出API调用和流式输出API调用的区别。,,非流式输出API调用和流式输出API调用的区别如下:数据返回方式:非流式输出是一次性将所有结果返回给客户端;流式输出则是按照数据生成的顺序逐步将结果传输给客户端。实时性:非流式输出实时性较差，客户端需要等待整个请求处理完成才能获得结果;流式输出实时性好，客户端可以在数据生成过程中实时看到部分结果。适用场景:非流式输出适合对实时性要求不高、一次性获取完整数据的场景;流式输出适合需要实时交互、长文本输出等场景。,
209,问答题,如何基于Gradio部署一个简单的大模型交互前端页面?,,基于Gradio部署一个简单的大模型交互前端页面步骤如下:安装Gradio库，使用pip install gradio命令。导入Gradio库，在Python代码中使用import gradio as gr。定义一个函数，该函数接收用户输入并调用大模型API进行处理，返回处理结果。使用Gradio的组件(如gr.Textbox用于输入输出，gr.Button用于触发操作)创建界面。将定义的函数与界面组件关联起来。调用 gr.Interface或 gr.Blocks类创建界面实例，并使用 launch,
210,问答题,描述使用 DeepSeek模型进行流式输出 API调用的主要步骤。,,使用 DeepSeek模型进行流式输出 API调用的主要步骤如下:安装deepseek_api库(如果尚未安装)。设置API密钥，将其作为环境变量。创建 DeepSeek客户端对象。定义请求参数，包括模型名称、提示信息(prompt)等。发起流式输出请求，使用循环监听服务器返回的数据，在数据到达时进行处理和展示。处理完所有数据后，关闭连接或进行相应的清理操作。,
211,问答题,实现带有历史聊天记录功能的 DeepSeek模型需要考虑哪些方面?,,实现带有历史聊天记录功能的 DeepSeek模型需要考虑以下方面:历史记录存储:选择合适的存储方式(如文件、数据库)来保存历史聊天记录，确保数据的安全性和可访问性。记录格式:设计合理的历史记录格式，以便在新请求中能够方便地携带和解析。请求携带:在每次新的请求中，将历史聊天记录按照规定的格式添加到请求参数中，让模型能够参考历史对话。记录管理:考虑对历史记录进行管理，如定期清理过期记录、对记录进行备份等。用户体验:在前端界面展示历史聊天记录，方便用户查看和继续对话。,
212,问答题,大模型API调用时，API密钥泄露可能会带来哪些风险?,,大模型API调用时，API密钥泄露可能带来以下风险:费用损失:攻击者可能会使用泄露的密钥进行大量的API请求，导致API使用费用大幅增加。数据安全问题:攻击者可能利用密钥访问相关的服务，获取敏感数据或进行恶意操作。服务滥用:可能会导致API服务被滥用，影响正常使用，甚至可能导致服务提供商封禁账户。,
213,问答题,非流式输出API调用在处理大文本时可能会遇到什么挑战，如何解决?,,非流式输出API调用在处理大文本时可能遇到的挑战及解决方法如下:挑战:响应时间过长:服务器处理大文本需要更多时间，导致客户端等待时间增加。数据传输问题:大文本数据传输可能会出现丢包、延迟等问题。服务器资源限制:服务器可能因为处理大文本而耗尽资源，导致请求失败。解决方法:优化请求参数:合理设置最大生成长度等参数，减少不必要的处理。分块处理:将大文本分成较小的块，分别进行请求和处理。重试机制:在请求失败时，进行重试操作。选择合适的服务器配置:根据业务需求选择性能更好的服务器。,
214,问答题,流式输出API调用中，如何处理数据传输中断的问题?,,"在流式输出API调用中，处理数据传输中断问题可以采用以下方法:重试机制:当检测到数据传输中断时,尝试重新发起请求,继续获取未完成的数据。可以设置重试次数和重试间隔，避免无限重试。数据恢复:在数据传输过程中,记录已经接收到的数据位置,当重新连接后,从该位置继续接收数据。错误处理和日志记录:捕获数据传输中断的异常，记录详细的错误信息，方便后续分析和排查问题。监控网络状态:实时监控网络连接状态，在网络不稳定时采取相应的措施，如暂停请求、提示用户等。",
215,问答题,"基于Gradio构建的前端页面,如何与大模型API进行交互?",,"基于Gradio构建的前端页面与大模型API进行交互的步骤如下:定义交互函数:在Python代码中定义一个函数，该函数接收前端页面输入的数据(如用户输入的文本),在函数内部调用大模型API进行处理,并返回处理结果。创建Gradio界面:使用Gradio的组件(如gr.Textbox作为输入框,gr.Button作为触发按钮)创建前端界面。关联函数和界面:将定义的交互函数与Gradio界面的输入和输出组件关联起来,当用户在界面上进行操作(如点击按钮)时，调用该函数进行处理，并将结果显示在界面上。启动界面:使用gr.Interface或gr.Blocks类创建界面实例，并调用launch方法启动界面，使界面能够与大模型API进行交互。",
216,问答题,生成式AI大模型在部署时，如何确保模型的安全性?,,生成式AI大模型在部署时，确保模型的安全性可以通过以下方式:使用模型加密技术，防止模型被恶意篡改或窃取。实施访问控制机制，限制对模型的访问权限。结合具体业务场景，设计安全的用户交互机制，防止恶意输入攻击。,
